apply	v.	nộp đơn	You may apply for the opening online.	Bạn có thể nộp đơn vị trí trống trực tuyến.	applicant
application	n.	đơn ứng tuyển	Incomplete applications will not be reviewed.	Đơn không đầy đủ sẽ không được xét.	applicant
employer	n.	nhà tuyển dụng	The employer offers flexible hours.	Nhà tuyển dụng cho giờ làm linh hoạt.	employee
employment	n.	việc làm	Seasonal employment begins in June.	Việc làm theo mùa bắt đầu vào tháng Sáu.	employee
unemployed	adj.	thất nghiệp	The city runs a program for unemployed workers.	Thành phố có chương trình cho người thất nghiệp.	applicant
skilled	adj.	có tay nghề	We need skilled technicians for the night shift.	Chúng tôi cần kỹ thuật viên có tay nghề cho ca đêm.	employee
expertise	n.	chuyên môn	Her expertise in logistics saved two days.	Chuyên môn logistics của cô ấy tiết kiệm hai ngày.	shipment
proficient	adj.	thành thạo	Applicants must be proficient in English.	Ứng viên phải thành thạo tiếng Anh.	applicant
capable	adj.	có năng lực	He is capable of leading the sales team.	Anh ấy có năng lực dẫn dắt nhóm bán hàng.	employee
dedicated	adj.	tận tâm	A dedicated staff member greeted every guest.	Một nhân viên tận tâm chào mọi khách.	employee
dependable	adj.	đáng tin	We hired a dependable driver for deliveries.	Chúng tôi thuê tài xế đáng tin cho giao hàng.	shipment
diligent	adj.	siêng năng	The intern is diligent about filing papers.	Thực tập sinh siêng năng lưu giấy tờ.	employee
punctual	adj.	đúng giờ	Please be punctual for the 9 a.m. briefing.	Vui lòng đúng giờ buổi phổ biến 9 giờ sáng.	deadline
tardy	adj.	đi trễ	Three tardy arrivals will be noted in the file.	Ba lần đến trễ sẽ được ghi vào hồ sơ.	deadline
absent	adj.	vắng mặt	Two clerks were absent because of the storm.	Hai nhân viên vắng vì bão.	employee
absence	n.	sự vắng mặt	Please report your absence to the supervisor.	Vui lòng báo sự vắng mặt cho người giám sát.	employee
attendance	n.	sự có mặt	Attendance at the fire drill is required.	Có mặt ở buổi diễn tập cháy là bắt buộc.	employee
coworker	n.	đồng nghiệp	Ask a coworker to cover your desk at lunch.	Nhờ đồng nghiệp trông bàn giúp lúc ăn trưa.	employee
mentor	n.	người hướng dẫn	A mentor will help you during the first month.	Người hướng dẫn sẽ giúp bạn trong tháng đầu.	employee
apprentice	n.	người học việc	The apprentice learned to operate the press.	Người học việc học vận hành máy in.	inventory
veteran	n.	người kỳ cựu	A veteran clerk trained the new cashier.	Nhân viên kỳ cựu đào tạo thu ngân mới.	employee
junior	adj.	cấp thấp	The junior analyst sits on the second floor.	Chuyên viên phân tích cấp thấp ngồi tầng hai.	employee
senior	adj.	cấp cao	Senior staff may park in the covered lot.	Nhân viên cấp cao được đỗ ở bãi có mái.	employee
opening	n.	vị trí tuyển	There is an opening for a night receptionist.	Có vị trí tuyển lễ tân ca đêm.	applicant
posting	n.	tin tuyển dụng	The job posting closes on Friday.	Tin tuyển dụng đóng vào thứ Sáu.	applicant
screening	n.	sơ loại hồ sơ	Phone screening takes about 15 minutes.	Sơ loại qua điện thoại mất khoảng 15 phút.	applicant
relocate	v.	chuyển chỗ làm	She agreed to relocate to the Osaka branch.	Cô ấy đồng ý chuyển tới chi nhánh Osaka.	headquarters
relocation	n.	việc chuyển chỗ	Relocation costs are paid by the company.	Chi phí chuyển chỗ do công ty trả.	budget
severance	n.	trợ cấp thôi việc	Severance pay is based on years of service.	Trợ cấp thôi việc dựa trên số năm làm việc.	budget
workplace	n.	nơi làm việc	Keep the workplace clear of boxes.	Giữ nơi làm việc không bị thùng chiếm lối.	headquarters
workload	n.	khối lượng công việc	The new software reduced our workload.	Phần mềm mới giảm khối lượng công việc.	employee
forecast	n.	dự báo	The sales forecast for June looks strong.	Dự báo doanh số tháng Sáu trông khả quan.	budget
profitability	n.	khả năng sinh lời	The new line improved profitability.	Dòng sản phẩm mới cải thiện khả năng sinh lời.	budget
turnover	n.	doanh số / biến động nhân sự	Staff turnover fell after the raise.	Biến động nhân sự giảm sau đợt tăng lương.	employee
overhead	n.	chi phí gián tiếp	Moving downtown increased our overhead.	Chuyển vào trung tâm làm tăng chi phí gián tiếp.	budget
cash	n.	tiền mặt	The register holds cash overnight in a safe.	Quầy giữ tiền mặt qua đêm trong két.	budget
check	n.	séc	Please make the check payable to the hotel.	Vui lòng ghi séc trả cho khách sạn.	invoice
credit	n.	tín dụng	Your store credit expires in six months.	Tín dụng cửa hàng hết hạn sau sáu tháng.	invoice
debit	n.	ghi nợ	A debit appeared on the account this morning.	Một khoản ghi nợ xuất hiện trên tài khoản sáng nay.	invoice
payment	n.	khoản thanh toán	The final payment is due on the first.	Khoản thanh toán cuối hạn vào mùng 1.	invoice
billing	n.	việc lập hóa đơn	Billing errors should be reported at once.	Lỗi lập hóa đơn phải được báo ngay.	invoice
accountant	n.	kế toán	skip	skip	invoice
bookkeeping	n.	sổ sách kế toán	Bookkeeping is done every Friday afternoon.	Sổ sách được ghi mỗi chiều thứ Sáu.	invoice
reconcile	v.	đối chiếu sổ	Please reconcile the receipts with the ledger.	Vui lòng đối chiếu biên lai với sổ cái.	invoice
outstanding	adj.	chưa thanh toán / xuất sắc	Two invoices are still outstanding.	Hai hóa đơn vẫn chưa thanh toán.	invoice
installment	n.	khoản trả góp	You may pay in three monthly installments.	Bạn có thể trả góp ba tháng.	invoice
down	n.	tiền đặt cọc ban đầu	A down payment of 20 percent is required.	Cần đặt cọc ban đầu 20 phần trăm.	budget
collateral	n.	tài sản thế chấp	The van was used as collateral for the loan.	Xe tải được dùng làm tài sản thế chấp khoản vay.	budget
interest	n.	lãi	skip	skip	budget
principal	n.	tiền gốc	Pay the principal before extra interest grows.	Trả tiền gốc trước khi lãi tăng thêm.	budget
lender	n.	bên cho vay	The lender approved the small-business loan.	Bên cho vay đã duyệt khoản vay doanh nghiệp nhỏ.	budget
borrower	n.	bên vay	The borrower must show last year's tax form.	Bên vay phải出示 tờ khai thuế năm ngoái.	budget
creditworthy	adj.	đủ tín nhiệm	Only creditworthy buyers get this rate.	Chỉ người mua đủ tín nhiệm được lãi này.	budget
default	v.	vỡ nợ	If you default, the equipment may be repossessed.	Nếu vỡ nợ, thiết bị có thể bị thu hồi.	budget
repossess	v.	thu hồi tài sản	The bank may repossess the truck after 90 days.	Ngân hàng có thể thu hồi xe sau 90 ngày.	budget
appraisal	n.	thẩm định giá	skip	skip	applicant
valuation	n.	định giá	An independent valuation of the building is ready.	Bản định giá độc lập của tòa nhà đã xong.	budget
auction	n.	đấu giá	Office furniture will be sold at auction.	Nội thất văn phòng sẽ bán đấu giá.	inventory
bid	n.	giá dự thầu	The lowest bid won the cleaning contract.	Giá dự thầu thấp nhất thắng hợp đồng dọn dẹp.	invoice
tender	n.	hồ sơ thầu	Submit the tender before noon on Monday.	Nộp hồ sơ thầu trước trưa thứ Hai.	invoice
procurement	n.	mua sắm	Procurement must approve purchases over 500 dollars.	Mua sắm phải duyệt đơn trên 500 đô la.	invoice
purchaser	n.	người mua	The purchaser asked for a longer warranty.	Người mua yêu cầu bảo hành dài hơn.	invoice
vendor	n.	nhà bán	skip	skip	headquarters
wholesale	adj.	sỉ	skip	skip	budget
markup	n.	biên lợi nhuận cộng thêm	A 15 percent markup covers shipping.	Biên 15 phần trăm gồm cước vận chuyển.	budget
margin	n.	biên lợi nhuận	The store runs on a thin profit margin.	Cửa hàng chạy với biên lợi nhuận mỏng.	budget
inventory	n.	tồn kho	skip	skip	inventory
stockroom	n.	kho nhỏ	Extra paper is in the stockroom.	Giấy thêm ở kho nhỏ.	inventory
backorder	n.	đơn chờ hàng	The lamp is on backorder until May.	Đèn đang chờ hàng đến tháng Năm.	shipment
restock	v.	nhập hàng lại	Please restock the shelves before opening.	Vui lòng nhập lại kệ trước giờ mở cửa.	inventory
replenish	v.	bổ sung	We will replenish the first-aid kits today.	Chúng tôi sẽ bổ sung hộp sơ cứu hôm nay.	inventory
outage	n.	sự cố mất (điện/mạng)	A power outage stopped the packing line.	Mất điện làm dừng dây chuyền đóng gói.	inventory
blackout	n.	mất điện diện rộng	The blackout lasted forty minutes.	Đợt mất điện kéo dài bốn mươi phút.	headquarters
generator	n.	máy phát điện	The backup generator starts automatically.	Máy phát dự phòng tự khởi động.	inventory
utility	n.	dịch vụ hạ tầng	Utility bills are paid on the tenth.	Hóa đơn điện nước trả vào ngày mùng 10.	invoice
electricity	n.	điện	Electricity in the warehouse is metered separately.	Điện trong kho được đo riêng.	headquarters
plumbing	n.	hệ thống ống nước	Plumbing repairs will close the restroom.	Sửa ống nước sẽ đóng nhà vệ sinh.	headquarters
janitor	n.	nhân viên tạp vụ	The janitor unlocks the building at 6 a.m.	Nhân viên tạp vụ mở cửa lúc 6 giờ sáng.	headquarters
custodian	n.	người trông coi	A custodian checks the lights after closing.	Người trông coi kiểm tra đèn sau giờ đóng.	headquarters
caretaker	n.	người chăm sóc tòa nhà	The caretaker lives on the ground floor.	Người chăm sóc tòa nhà ở tầng trệt.	headquarters
superintendent	n.	quản đốc tòa nhà	Call the superintendent if the heat fails.	Gọi quản đốc nếu máy sưởi hỏng.	headquarters
landlord	n.	chủ nhà	skip	skip	headquarters
tenant	n.	người thuê	skip	skip	budget
lease	n.	hợp đồng thuê	skip	skip	authorize
sublet	v.	cho thuê lại	You may not sublet the office without consent.	Không được cho thuê lại văn phòng khi chưa đồng ý.	authorize
evict	v.	đuổi khỏi mặt bằng	The owner may evict a tenant who skips rent.	Chủ có thể đuổi người thuê bỏ tiền nhà.	authorize
renovation	n.	cải tạo	Renovation of the café starts in August.	Cải tạo quán cà phê bắt đầu tháng Tám.	occupancy
remodel	v.	sửa sang	They will remodel the lobby next winter.	Họ sẽ sửa sang sảnh vào mùa đông tới.	occupancy
refurbish	v.	tân trang	We will refurbish ten rooms this month.	Chúng tôi sẽ tân trang mười phòng tháng này.	occupancy
furnish	v.	trang bị nội thất	The suite is furnished with a meeting table.	Phòng suite được trang bị bàn họp.	reservation
fixture	n.	đồ gắn cố định	Do not remove light fixtures from the wall.	Không tháo đèn gắn tường.	inventory
appliance	n.	thiết bị gia dụng	Each kitchen has a new appliance set.	Mỗi bếp có bộ thiết bị mới.	inventory
housekeeping	n.	buồng phòng	skip	skip	reservation
turndown	n.	dịch vụ dọn phòng tối	Turndown service begins at 8 p.m.	Dịch vụ dọn phòng tối bắt đầu lúc 8 giờ tối.	reservation
minibar	n.	tủ minibar	Please note minibar charges on your bill.	Vui lòng xem phí minibar trên hóa đơn.	complimentary
bathrobe	n.	áo choàng tắm	A bathrobe hangs in the closet.	Áo choàng tắm treo trong tủ.	reservation
toiletry	n.	đồ vệ sinh cá nhân	Extra toiletries are at the front desk.	Đồ vệ sinh thêm có ở quầy lễ tân.	complimentary
linen	n.	khăn trải / khăn vải	Fresh linen is delivered twice a week.	Khăn vải sạch được giao hai lần mỗi tuần.	reservation
laundry	n.	giặt là	Laundry bags are in the wardrobe.	Túi giặt là ở trong tủ áo.	reservation
dry	n.	giặt khô	Dry cleaning returns in 24 hours.	Giặt khô trả trong 24 giờ.	reservation
ironing	n.	là ủi	An ironing board is behind the door.	Cầu là ở sau cánh cửa.	reservation
wake	n.	dịch vụ đánh thức	Request a wake-up call at the desk.	Yêu cầu đánh thức tại quầy.	reservation
doorman	n.	người gác cửa	The doorman will hail a taxi for you.	Người gác cửa sẽ gọi taxi giúp bạn.	reservation
bellhop	n.	nhân viên khuân vác	A bellhop will take your bags upstairs.	Nhân viên khuân vác sẽ xách túi lên lầu.	reservation
porter	n.	người khuân vác	The porter can store luggage until evening.	Người khuân vác có thể giữ hành lý đến tối.	reservation
valet	n.	nhân viên giữ xe	Valet parking is available at the side door.	Giữ xe có ở cửa bên.	reservation
concierge	n.	nhân viên hỗ trợ	skip	skip	reservation
itinerary	n.	lịch trình	skip	skip	itinerary
boarding	n.	lên máy bay	skip	skip	itinerary
carry-on	n.	hành lý xách tay	One carry-on bag is allowed in the cabin.	Được mang một túi xách tay lên cabin.	itinerary
checked	adj.	ký gửi	Checked bags may be collected at carousel 4.	Hành lý ký gửi lấy ở băng 4.	itinerary
overweight	adj.	quá cân	An overweight bag will incur an extra fee.	Túi quá cân sẽ bị phụ phí.	itinerary
oversized	adj.	quá khổ	Oversized items must go to the oversize counter.	Đồ quá khổ phải ra quầy hàng cồng kềnh.	itinerary
turbulence	n.	nhiễu động	The captain warned of light turbulence.	Cơ trưởng cảnh báo nhiễu động nhẹ.	itinerary
jet	n.	máy bay phản lực	The jet to Taipei leaves at dusk.	Máy bay phản lực đi Đài Bắc rời lúc chạng vạng.	itinerary
runway	n.	đường băng	Fog closed the runway for an hour.	Sương mù đóng đường băng một giờ.	itinerary
taxiway	n.	đường lăn	The plane waited on the taxiway.	Máy bay chờ trên đường lăn.	itinerary
hangar	n.	nhà chứa máy bay	Maintenance is done in the hangar.	Bảo trì được làm trong nhà chứa máy bay.	itinerary
cockpit	n.	buồng lái	Only crew may enter the cockpit.	Chỉ phi hành đoàn được vào buồng lái.	itinerary
cabin	n.	cabin	The cabin lights dim after takeoff.	Đèn cabin mờ sau khi cất cánh.	itinerary
takeoff	n.	cất cánh	Please remain seated during takeoff.	Vui lòng ngồi yên khi cất cánh.	itinerary
landing	n.	hạ cánh	Landing is expected at 4:10 p.m.	Hạ cánh dự kiến lúc 4:10 chiều.	itinerary
altitude	n.	độ cao	The aircraft reached cruising altitude.	Máy bay đạt độ cao hành trình.	itinerary
turbine	n.	tuabin	Engineers inspected the turbine overnight.	Kỹ sư kiểm tra tuabin qua đêm.	inventory
fuel	n.	nhiên liệu	Fuel prices raised the airfares.	Giá nhiên liệu làm tăng vé máy bay.	itinerary
airfare	n.	giá vé máy bay	The cheapest airfare includes one bag.	Giá vé rẻ nhất gồm một kiện hành lý.	itinerary
standby	n.	chờ vé	Standby seats may open at the gate.	Ghế chờ vé có thể mở ở cổng.	itinerary
upgrade	n.	nâng hạng	An upgrade to business class was offered.	Có đề nghị nâng hạng thương gia.	itinerary
downgrade	n.	hạ hạng	A downgrade comes with a partial refund.	Hạ hạng kèm hoàn một phần tiền.	itinerary
rebook	v.	đặt lại	The agent will rebook you on the next flight.	Nhân viên sẽ đặt lại chuyến sau cho bạn.	itinerary
reroute	v.	đổi tuyến	Storms forced the airline to reroute planes.	Bão buộc hãng đổi tuyến máy bay.	itinerary
stopover	n.	điểm dừng	There is a one-night stopover in Doha.	Có một đêm dừng ở Doha.	itinerary
direct	adj.	bay thẳng	A direct flight is shorter than a connecting one.	Chuyến bay thẳng ngắn hơn chuyến nối.	itinerary
nonstop	adj.	không dừng	The nonstop service to Busan starts in July.	Chuyến không dừng tới Busan bắt đầu tháng Bảy.	itinerary
charter	n.	chuyến thuê bao	The company booked a charter for the team.	Công ty thuê chuyến charter cho đoàn.	itinerary
commuter	n.	người đi làm	Commuters fill the 7:15 train every weekday.	Người đi làm đông trên tàu 7:15 ngày thường.	itinerary
express	n.	tàu/xe tốc hành	The airport express runs every 20 minutes.	Tàu tốc hành sân bay chạy mỗi 20 phút.	itinerary
local	n.	tàu dừng nhiều ga	Take the local train if you need Station 8.	Đi tàu dừng nhiều ga nếu bạn cần ga 8.	itinerary
platform	n.	sân ga	Wait on platform 3 for the northbound train.	Chờ ở sân ga 3 cho tàu hướng bắc.	itinerary
timetable	n.	bảng giờ	A new timetable takes effect on Monday.	Bảng giờ mới có hiệu lực thứ Hai.	deadline
punctuality	n.	sự đúng giờ	Punctuality is part of the driver's review.	Sự đúng giờ nằm trong đánh giá tài xế.	deadline
delay	n.	chậm	skip	skip	itinerary
cancellation	n.	hủy	skip	skip	authorize
detour	n.	đường vòng	Follow the detour around the closed bridge.	Đi đường vòng tránh cầu đóng.	itinerary
congestion	n.	tình trạng ùn tắc	Morning congestion is worse near the port.	Ùn tắc sáng nặng hơn gần cảng.	shipment
toll	n.	phí cầu đường	The toll is paid at the booth by card.	Phí cầu đường trả bằng thẻ ở quầy.	itinerary
fare	n.	giá vé	skip	skip	itinerary
transfer	n.	chuyến chuyển	A free transfer is included with this ticket.	Vé này gồm một chuyến chuyển miễn phí.	itinerary
zone	n.	vùng	This ticket is valid in zone 1 and 2.	Vé này có hiệu lực ở vùng 1 và 2.	itinerary
pass	n.	vé thông hành	A weekly pass is cheaper for commuters.	Vé tuần rẻ hơn cho người đi làm.	itinerary
token	n.	jeton	The old subway still uses a metal token.	Tàu điện cũ vẫn dùng jeton kim loại.	itinerary
kiosk	n.	ki-ốt	Buy a city map at the tourist kiosk.	Mua bản đồ ở ki-ốt du lịch.	brochure
guidebook	n.	sách hướng dẫn	The guidebook lists quiet cafés nearby.	Sách hướng dẫn liệt kê quán cà phê yên gần đó.	itinerary
landmark	n.	địa danh	The clock tower is a local landmark.	Tháp đồng hồ là địa danh địa phương.	itinerary
itinerary	n.	lịch trình	skip	skip	itinerary
attraction	n.	điểm tham quan	The museum is the city's top attraction.	Bảo tàng là điểm tham quan hàng đầu.	itinerary
admission	n.	phí vào cửa	Admission is free on the first Sunday.	Vào cửa miễn phí Chủ nhật đầu tháng.	brochure
souvenir	n.	quà lưu niệm	skip	skip	itinerary
postcard	n.	bưu thiếp	Postcards are sold at the gift counter.	Bưu thiếp bán ở quầy quà.	brochure
currency	n.	tiền tệ	skip	skip	budget
exchange	n.	đổi tiền	skip	skip	budget
rate	n.	tỷ giá / mức	The room rate includes tax.	Giá phòng đã gồm thuế.	reservation
tip	n.	tiền tip	A 10 percent tip is customary here.	Tiền tip 10 phần trăm là thông lệ ở đây.	complimentary
service	n.	dịch vụ	skip	skip	reservation
gratuity	n.	tiền thưởng phục vụ	skip	skip	complimentary
tab	n.	hóa đơn quán	Please put the coffee on my tab.	Làm ơn ghi cà phê vào hóa đơn của tôi.	complimentary
split	v.	chia (hóa đơn)	We can split the bill into three parts.	Chúng ta có thể chia hóa đơn làm ba.	complimentary
reservation	n.	đặt chỗ	skip	skip	reservation
waitlist	n.	danh sách chờ	Your name is on the waitlist for 7 p.m.	Tên bạn ở danh sách chờ lúc 7 giờ tối.	reservation
no-show	n.	khách đặt rồi không đến	A no-show still counts against occupancy.	Khách không đến vẫn tính vào công suất.	occupancy
overbook	v.	đặt quá số chỗ	Airlines sometimes overbook popular flights.	Hãng đôi khi đặt quá chỗ chuyến đông.	itinerary
walk-in	n.	khách vãng lai	Walk-in guests may wait for a canceled table.	Khách vãng lai có thể chờ bàn bị hủy.	reservation
hostess	n.	người dẫn chỗ	The hostess will seat you in a moment.	Người dẫn chỗ sẽ mời bạn ngồi ngay.	complimentary
waiter	n.	bồi bàn nam	Ask the waiter for the wine list.	Hỏi bồi bàn danh sách rượu.	complimentary
waitress	n.	bồi bàn nữ	The waitress brought extra napkins.	Bồi bàn mang thêm khăn giấy.	complimentary
server	n.	người phục vụ	Your server will take the order shortly.	Người phục vụ sẽ nhận order chẳng bao lâu.	complimentary
chef	n.	bếp trưởng	The chef changes the menu each season.	Bếp trưởng đổi thực đơn mỗi mùa.	complimentary
cuisine	n.	ẩm thực	The hotel is known for regional cuisine.	Khách sạn nổi tiếng ẩm thực vùng.	complimentary
specialty	n.	món đặc trưng	Grilled fish is the house specialty.	Cá nướng là món đặc trưng của quán.	complimentary
appetizer	n.	khai vị	skip	skip	complimentary
entree	n.	món chính	The entree comes with soup or salad.	Món chính kèm súp hoặc salad.	complimentary
dessert	n.	tráng miệng	skip	skip	complimentary
beverage	n.	đồ uống	skip	skip	complimentary
refill	n.	đổ thêm	Coffee refills are free during breakfast.	Đổ thêm cà phê miễn phí lúc ăn sáng.	complimentary
buffet	n.	buffet	skip	skip	reservation
a-la-carte	adj.	gọi món	A-la-carte dining starts at 6 p.m.	Gọi món bắt đầu lúc 6 giờ tối.	complimentary
vegetarian	adj.	chay	Vegetarian meals can be requested in advance.	Suất chay có thể yêu cầu trước.	complimentary
allergy	n.	dị ứng	Please tell the kitchen about any food allergy.	Hãy báo bếp nếu bị dị ứng thức ăn.	complimentary
ingredient	n.	nguyên liệu	The soup's ingredients are listed on the board.	Nguyên liệu súp được ghi trên bảng.	inventory
recipe	n.	công thức	The chef will not share the secret recipe.	Bếp trưởng không chia sẻ công thức bí mật.	complimentary
portion	n.	khẩu phần	Lunch portions are smaller than dinner ones.	Khẩu phần trưa nhỏ hơn bữa tối.	complimentary
platter	n.	đĩa lớn	A fruit platter is on the conference table.	Đĩa trái cây ở bàn hội nghị.	conference
cater	v.	cung cấp đồ ăn	A local shop will cater the afternoon break.	Một tiệm địa phương sẽ cung cấp đồ ăn giờ giải lao.	conference
banquet	n.	tiệc	skip	skip	reservation
reception	n.	tiệc chiêu đãi / lễ tân	A welcome reception begins at 6:30.	Tiệc chào mừng bắt đầu lúc 6:30.	conference
cocktail	n.	tiệc cocktail	The cocktail hour is in the courtyard.	Giờ cocktail ở sân trong.	conference
toast	n.	lời nâng ly	The director gave a short toast.	Giám đốc nói một lời nâng ly ngắn.	conference
keynote	n.	bài phát biểu chính	The keynote will be translated live.	Bài phát biểu chính sẽ được dịch trực tiếp.	conference
panel	n.	tọa đàm	The panel includes three hotel managers.	Tọa đàm có ba quản lý khách sạn.	conference
moderator	n.	người điều phối	A moderator will keep the debate on time.	Người điều phối giữ cuộc tranh luận đúng giờ.	conference
keynote	n.	bài chính	skip	skip	conference
attendee	n.	người tham dự	Each attendee receives a printed agenda.	Mỗi người tham dự nhận chương trình in.	conference
delegate	n.	đại biểu	Overseas delegates stay at the riverside hotel.	Đại biểu nước ngoài ở khách sạn ven sông.	conference
organizer	n.	ban tổ chức	The organizer posted a map of the halls.	Ban tổ chức dán bản đồ các hội trường.	conference
sponsor	n.	nhà tài trợ	A sponsor provided the lanyards.	Nhà tài trợ cung cấp dây đeo thẻ.	brochure
exhibitor	n.	đơn vị trưng bày	Exhibitors may set up after 7 a.m.	Đơn vị trưng bày được bày sau 7 giờ sáng.	conference
booth	n.	gian hàng	skip	skip	conference
handout	n.	tài liệu phát	Please take one handout per person.	Vui lòng lấy một tài liệu mỗi người.	conference
proceedings	n.	kỷ yếu	The proceedings will be emailed next week.	Kỷ yếu sẽ được gửi email tuần tới.	conference
networking	n.	giao lưu nghề nghiệp	Networking is scheduled after the last talk.	Giao lưu nghề nghiệp sau bài nói cuối.	conference
breakout	n.	phiên nhóm nhỏ	Join a breakout on hotel marketing.	Tham gia phiên nhóm nhỏ về marketing khách sạn.	conference
plenary	n.	phiên toàn thể	The plenary meets in Hall A.	Phiên toàn thể họp ở hội trường A.	conference
adjournment	n.	việc tạm nghỉ	Adjournment is expected at 5 p.m.	Tạm nghỉ dự kiến lúc 5 giờ chiều.	deadline
quorum	n.	số đại biểu tối thiểu	We cannot vote without a quorum.	Không thể bỏ phiếu khi chưa đủ số đại biểu.	conference
motion	n.	kiến nghị	Someone seconded the motion to extend hours.	Có người tán thành kiến nghị kéo dài giờ.	conference
ballot	n.	phiếu bầu	Place your ballot in the sealed box.	Bỏ phiếu vào hộp niêm phong.	conference
unanimous	adj.	đồng thuận	The board reached a unanimous decision.	Hội đồng đi đến quyết định đồng thuận.	conference
majority	n.	đa số	A majority voted for the new logo.	Đa số bỏ phiếu cho logo mới.	brochure
minutes	n.	biên bản	skip	skip	conference
agenda	n.	chương trình	skip	skip	conference
chairperson	n.	chủ tọa	The chairperson opened the annual meeting.	Chủ tọa khai mạc cuộc họp thường niên.	conference
vice	n.	phó	The vice president will chair if she is away.	Phó chủ tịch sẽ chủ trì nếu cô ấy vắng.	headquarters
treasurer	n.	thủ quỹ	The treasurer presented the yearly figures.	Thủ quỹ trình bày số liệu năm.	budget
secretary	n.	thư ký	skip	skip	headquarters
bylaw	n.	nội quy	A bylaw change needs a two-thirds vote.	Sửa nội quy cần hai phần ba phiếu.	authorize
charter	n.	điều lệ	The club charter lists membership rules.	Điều lệ câu lạc bộ ghi quy tắc thành viên.	authorize
membership	n.	tư cách thành viên	Membership includes use of the lounge.	Tư cách thành viên gồm dùng phòng lounge.	brochure
dues	n.	phí hội viên	Annual dues are collected in January.	Phí hội viên thu vào tháng Giêng.	budget
newsletter	n.	bản tin	The newsletter is mailed on the first Monday.	Bản tin được gửi thứ Hai đầu tháng.	memo
press	n.	báo chí	The press will wait in the briefing room.	Báo chí chờ ở phòng họp báo.	conference
journalist	n.	nhà báo	A journalist asked about the merger.	Một nhà báo hỏi về vụ sáp nhập.	brochure
headline	n.	tít báo	The headline mentioned the new factory.	Tít báo nhắc nhà máy mới.	brochure
article	n.	bài báo	Please clip the article for the files.	Vui lòng cắt bài báo lưu hồ sơ.	memo
editorial	n.	xã luận	The editorial praised the safety record.	Xã luận khen thành tích an toàn.	brochure
interview	n.	phỏng vấn	skip	skip	applicant
quote	n.	lời trích / báo giá	May I quote you in tomorrow's paper?	Tôi có thể trích lời bạn trên báo mai không?	brochure
embargo	n.	lệnh cấm đưa tin	The report is under embargo until noon.	Báo cáo bị cấm đưa tin đến trưa.	memo
release	n.	thông cáo	A press release will go out at 9 a.m.	Thông cáo báo chí sẽ ra lúc 9 giờ sáng.	brochure
publicity	n.	truyền thông	skip	skip	brochure
campaign	n.	chiến dịch	skip	skip	brochure
target	n.	đối tượng / mục tiêu	Young travelers are the campaign's target.	Khách trẻ là đối tượng của chiến dịch.	brochure
segment	n.	phân khúc	We added a segment for family travelers.	Chúng tôi thêm phân khúc khách gia đình.	brochure
niche	n.	thị phần ngách	The shop found a niche in handmade soaps.	Cửa hàng tìm được ngách xà phòng handmade.	brochure
branding	n.	xây dựng thương hiệu	Branding on the vans must match the logo.	Thương hiệu trên xe phải khớp logo.	brochure
rebrand	v.	đổi nhận diện	The chain will rebrand next spring.	Chuỗi sẽ đổi nhận diện vào mùa xuân tới.	brochure
tagline	n.	câu khẩu hiệu phụ	The tagline appears under every logo.	Câu khẩu hiệu phụ nằm dưới mọi logo.	brochure
mascot	n.	linh vật	A cat mascot greets children in the lobby.	Linh vật mèo chào trẻ ở sảnh.	brochure
endorsement	n.	sự chứng thực	The chef's endorsement lifted soup sales.	Sự chứng thực của bếp trưởng làm tăng bán súp.	brochure
testimonial	n.	lời chứng thực	A guest testimonial is printed on the flyer.	Lời chứng thực của khách được in trên tờ rơi.	brochure
influencer	n.	người có ảnh hưởng	An influencer filmed the new suite.	Người có ảnh hưởng quay phòng suite mới.	brochure
hashtag	n.	hashtag	Use the event hashtag on every post.	Dùng hashtag sự kiện trên mọi bài đăng.	brochure
website	n.	trang web	The website lists live room availability.	Trang web liệt kê phòng còn trống.	reservation
homepage	n.	trang chủ	A booking button sits on the homepage.	Nút đặt phòng nằm ở trang chủ.	brochure
browser	n.	trình duyệt	The form works in every major browser.	Mẫu đơn chạy trên mọi trình duyệt lớn.	memo
click	v.	nhấp	Click the blue button to confirm.	Nhấp nút xanh để xác nhận.	memo
link	n.	liên kết	The reset link expires in 20 minutes.	Liên kết đặt lại hết hạn sau 20 phút.	memo
login	n.	đăng nhập	A new login is required after the upgrade.	Cần đăng nhập mới sau khi nâng cấp.	authorize
logout	v.	đăng xuất	Please logout when you leave the desk.	Vui lòng đăng xuất khi rời bàn.	authorize
username	n.	tên đăng nhập	Your username is the company email.	Tên đăng nhập là email công ty.	authorize
profile	n.	hồ sơ tài khoản	Update your profile photo this week.	Cập nhật ảnh hồ sơ tuần này.	memo
settings	n.	cài đặt	Language settings are under the gear icon.	Cài đặt ngôn ngữ ở biểu tượng bánh răng.	memo
notification	n.	thông báo	Turn off sound for night notifications.	Tắt tiếng thông báo ban đêm.	memo
spam	n.	thư rác	Move spam to the junk folder.	Chuyển thư rác vào thư mục junk.	memo
inbox	n.	hộp thư đến	Check the inbox before the meeting.	Xem hộp thư đến trước cuộc họp.	memo
outbox	n.	hộp thư đi	A stuck message is sitting in the outbox.	Một thư bị kẹt trong hộp thư đi.	memo
attachment	n.	tệp đính kèm	The attachment is too large to send.	Tệp đính kèm quá lớn để gửi.	memo
folder	n.	thư mục	Put invoices in the tax folder.	Để hóa đơn vào thư mục thuế.	invoice
file	n.	tệp / hồ sơ	Save the file with yesterday's date.	Lưu tệp với ngày hôm qua.	memo
draft	n.	bản nháp	skip	skip	conference
inbox	n.	hộp thư	skip	skip	memo
archive	n.	lưu trữ	skip	skip	memo
cloud	n.	điện toán đám mây	Photos are stored in the cloud.	Ảnh được lưu trên đám mây.	memo
sync	v.	đồng bộ	The phone will sync contacts overnight.	Điện thoại sẽ đồng bộ danh bạ qua đêm.	memo
offline	adj.	ngoại tuyến	The catalog can be read offline.	Danh mục có thể đọc khi ngoại tuyến.	brochure
online	adj.	trực tuyến	Online check-in opens 24 hours before the flight.	Làm thủ tục trực tuyến mở 24 giờ trước chuyến bay.	itinerary
digital	adj.	kỹ thuật số	A digital copy is emailed after payment.	Bản kỹ thuật số được gửi email sau khi thanh toán.	invoice
paperless	adj.	không giấy	The office is moving to paperless billing.	Văn phòng chuyển sang lập hóa đơn không giấy.	invoice
recycle	v.	tái chế	skip	skip	inventory
sustainable	adj.	bền vững	The inn uses sustainable cleaning products.	Nhà nghỉ dùng đồ vệ sinh bền vững.	brochure
eco-friendly	adj.	thân thiện môi trường	Eco-friendly packaging replaced plastic wrap.	Bao bì thân thiện môi trường thay màng nhựa.	brochure
carbon	n.	carbon	The firm tracks carbon from company flights.	Công ty theo dõi carbon từ chuyến bay công tác.	itinerary
emission	n.	khí thải	New trucks cut emission levels by 20 percent.	Xe tải mới giảm khí thải 20 phần trăm.	shipment
pollution	n.	ô nhiễm	The plant reduced water pollution last year.	Nhà máy giảm ô nhiễm nước năm ngoái.	inventory
waste	n.	rác thải	Food waste is collected in a separate bin.	Rác thức ăn được thu ở thùng riêng.	inventory
landfill	n.	bãi chôn lấp	Less packaging means less landfill.	Ít bao bì hơn nghĩa là ít chôn lấp hơn.	inventory
compost	n.	phân ủ	Kitchen scraps go into the compost bin.	Rác bếp cho vào thùng phân ủ.	inventory
organic	adj.	hữu cơ	The café serves organic tea in the lounge.	Quán phục vụ trà hữu cơ ở lounge.	complimentary
fair	adj.	công bằng / thương mại công bằng	The shop sells fair-trade coffee.	Cửa hàng bán cà phê thương mại công bằng.	brochure
ethical	adj.	đạo đức	Ethical sourcing is listed in the annual report.	Nguồn hàng đạo đức được ghi trong báo cáo năm.	brochure
transparency	n.	minh bạch	Price transparency helps guests compare rooms.	Minh bạch giá giúp khách so phòng.	reservation
accountability	n.	trách nhiệm giải trình	Managers accept accountability for safety.	Quản lý nhận trách nhiệm giải trình về an toàn.	employee
integrity	n.	chính trực	Integrity is part of the hiring interview.	Chính trực nằm trong buổi phỏng vấn tuyển.	applicant
compliance	n.	tuân thủ	A compliance officer reviews every contract.	Nhân viên tuân thủ rà soát mọi hợp đồng.	authorize
audit	n.	kiểm toán	skip	skip	invoice
inspector	n.	thanh tra	A fire inspector will visit on Thursday.	Thanh tra PCCC sẽ đến vào thứ Năm.	authorize
violation	n.	vi phạm	A parking violation may result in a fine.	Vi phạm đỗ xe có thể bị phạt.	authorize
fine	n.	tiền phạt	The fine for smoking indoors is 50 dollars.	Tiền phạt hút thuốc trong nhà là 50 đô la.	authorize
citation	n.	biên bản phạt	The driver received a citation for blocking the dock.	Tài xế nhận biên bản vì chặn bến.	shipment
hazard	n.	mối nguy	Wet floors are a slipping hazard.	Sàn ướt là mối nguy trượt.	inventory
precaution	n.	biện pháp phòng ngừa	Wear goggles as a precaution.	Đeo kính bảo hộ làm biện pháp phòng ngừa.	inventory
emergency	n.	tình huống khẩn	The emergency exit is behind the stage.	Lối thoát khẩn ở sau sân khấu.	conference
evacuation	n.	sơ tán	Evacuation maps are posted by the stairs.	Bản đồ sơ tán dán cạnh cầu thang.	headquarters
assembly	n.	điểm tập trung	Meet at the assembly point in the parking lot.	Tập trung ở điểm tập trung trong bãi xe.	headquarters
extinguisher	n.	bình chữa cháy	An extinguisher hangs next to the kitchen.	Bình chữa cháy treo cạnh bếp.	inventory
sprinkler	n.	vòi phun chữa cháy	A sprinkler test will run at dawn.	Thử vòi phun sẽ chạy lúc bình minh.	headquarters
alarm	n.	chuông báo	Do not ignore a fire alarm.	Không bỏ qua chuông báo cháy.	authorize
drill	n.	buổi diễn tập	A fire drill is held every quarter.	Diễn tập cháy được tổ chức mỗi quý.	employee
first-aid	n.	sơ cứu	A first-aid kit is at the reception desk.	Hộp sơ cứu ở quầy lễ tân.	reservation
paramedic	n.	nhân viên cấp cứu	A paramedic is on call during the festival.	Nhân viên cấp cứu trực trong lễ hội.	employee
clinic	n.	phòng khám	The staff clinic opens at 8 a.m.	Phòng khám nhân viên mở lúc 8 giờ sáng.	employee
pharmacy	n.	nhà thuốc	The nearest pharmacy is two blocks east.	Nhà thuốc gần nhất cách hai khối phố về phía đông.	itinerary
prescription	n.	đơn thuốc	A prescription is required for this medicine.	Cần đơn thuốc cho loại thuốc này.	authorize
insurance	n.	bảo hiểm	skip	skip	employee
copay	n.	khoản đồng chi trả	The clinic copay is 15 dollars.	Khoản đồng chi trả phòng khám là 15 đô la.	invoice
deductible	n.	mức tự trả	skip	skip	authorize
coverage	n.	phạm vi bảo hiểm	skip	skip	authorize
claim	n.	yêu cầu bồi thường	skip	skip	authorize
adjuster	n.	giám định viên bảo hiểm	An adjuster photographed the damaged crates.	Giám định viên chụp các thùng bị hỏng.	shipment
premium	n.	phí bảo hiểm	skip	skip	authorize
beneficiary	n.	người thụ hưởng	Name a beneficiary on the policy form.	Ghi người thụ hưởng trên mẫu hợp đồng.	authorize
policyholder	n.	chủ hợp đồng bảo hiểm	The policyholder must report theft within 24 hours.	Chủ hợp đồng phải báo trộm trong 24 giờ.	authorize
underwrite	v.	bảo lãnh bảo hiểm	The firm will underwrite the event insurance.	Công ty sẽ bảo lãnh bảo hiểm sự kiện.	authorize
liability	n.	trách nhiệm pháp lý	skip	skip	budget
negligence	n.	sơ suất	The report found no negligence by the driver.	Báo cáo không thấy sơ suất của tài xế.	authorize
compensation	n.	bồi thường / thù lao	skip	skip	budget
damages	n.	tiền bồi thường thiệt hại	The court awarded damages to the hotel.	Tòa án tuyên tiền bồi thường cho khách sạn.	authorize
settlement	n.	thỏa thuận bồi thường	A settlement ended the dispute last week.	Thỏa thuận bồi thường chấm dứt tranh chấp tuần trước.	authorize
dispute	n.	tranh chấp	A billing dispute should go to accounting.	Tranh chấp hóa đơn nên gửi kế toán.	invoice
mediation	n.	hòa giải	Mediation is cheaper than a lawsuit.	Hòa giải rẻ hơn kiện tụng.	authorize
arbitration	n.	trọng tài	The contract requires arbitration in Singapore.	Hợp đồng yêu cầu trọng tài tại Singapore.	authorize
lawsuit	n.	vụ kiện	skip	skip	authorize
plaintiff	n.	nguyên đơn	The plaintiff asked for a public apology.	Nguyên đơn yêu cầu xin lỗi công khai.	authorize
defendant	n.	bị đơn	The defendant has 14 days to reply.	Bị đơn có 14 ngày để trả lời.	authorize
verdict	n.	phán quyết	The verdict was announced at noon.	Phán quyết được công bố lúc trưa.	authorize
appeal	n.	kháng cáo	An appeal must be filed within 30 days.	Kháng cáo phải nộp trong 30 ngày.	authorize
hearing	n.	phiên điều trần	The hearing is open to the public.	Phiên điều trần mở cho công chúng.	authorize
subpoena	n.	trát đòi hầu tòa	A subpoena was delivered to the office.	Trát đòi hầu tòa được giao tới văn phòng.	authorize
testimony	n.	lời khai	Her testimony lasted two hours.	Lời khai của cô ấy kéo dài hai giờ.	authorize
affidavit	n.	bản khai có tuyên thệ	Sign the affidavit in front of a notary.	Ký bản khai trước công chứng viên.	authorize
notary	n.	công chứng viên	A notary sits in room 12 on Tuesdays.	Công chứng viên ngồi phòng 12 vào thứ Ba.	authorize
stamp	n.	con dấu	The clerk put a stamp on each page.	Nhân viên đóng dấu mỗi trang.	authorize
seal	n.	dấu niêm phong	Break the seal only when the goods arrive.	Chỉ bẻ dấu niêm khi hàng đến.	shipment
notarize	v.	công chứng	We must notarize the power of attorney.	Chúng tôi phải công chứng giấy ủy quyền.	authorize
proxy	n.	ủy quyền đại diện	You may vote by proxy if you cannot attend.	Bạn có thể bỏ phiếu ủy quyền nếu không dự.	conference
revocation	n.	thu hồi	Revocation of the permit takes effect today.	Việc thu hồi giấy phép có hiệu lực hôm nay.	authorize
suspension	n.	đình chỉ	A license suspension lasts 90 days.	Đình chỉ giấy phép kéo dài 90 ngày.	authorize
expiration	n.	hết hạn	skip	skip	deadline
renewal	n.	gia hạn	Submit a renewal 30 days before expiry.	Nộp gia hạn 30 ngày trước khi hết hạn.	deadline
amendment	n.	sửa đổi	An amendment was added to clause 4.	Một sửa đổi được thêm vào điều 4.	authorize
addendum	n.	phụ lục	See the addendum for shipping rates.	Xem phụ lục về cước vận chuyển.	shipment
appendix	n.	phụ lục (cuối tài liệu)	Charts are in the appendix.	Biểu đồ nằm ở phụ lục.	memo
exhibit	n.	tài liệu đính kèm vụ việc	Exhibit B shows the original invoice.	Tài liệu B cho thấy hóa đơn gốc.	invoice
clause	n.	điều khoản	skip	skip	authorize
stipulation	n.	quy định trong hợp đồng	One stipulation forbids overnight parking.	Một quy định cấm đỗ xe qua đêm.	authorize
waiver	n.	giấy từ bỏ quyền	Sign a waiver before using the gym.	Ký giấy từ bỏ quyền trước khi dùng phòng gym.	authorize
waive	v.	miễn	The hotel will waive the cancellation fee.	Khách sạn sẽ miễn phí hủy.	reservation
consent	n.	đồng ý	skip	skip	authorize
opt-in	n.	đăng ký nhận	Email opt-in is confirmed with a link.	Đăng ký nhận email được xác nhận bằng liên kết.	brochure
opt-out	v.	hủy nhận	You may opt-out of marketing mail anytime.	Bạn có thể hủy nhận thư marketing bất cứ lúc nào.	brochure
privacy	n.	quyền riêng tư	The privacy notice is posted at check-in.	Thông báo quyền riêng tư được dán lúc nhận phòng.	authorize
cookie	n.	cookie (web)	The site uses a cookie to save language.	Trang dùng cookie để lưu ngôn ngữ.	brochure
encryption	n.	mã hóa	Encryption protects card numbers in transit.	Mã hóa bảo vệ số thẻ khi truyền.	authorize
firewall	n.	tường lửa	The firewall blocked an unknown login.	Tường lửa chặn một lần đăng nhập lạ.	authorize
malware	n.	mã độc	Do not install software that may contain malware.	Không cài phần mềm có thể chứa mã độc.	memo
phishing	n.	lừa đảo qua mạng	Delete phishing mail that asks for passwords.	Xóa thư lừa đảo hỏi mật khẩu.	memo
breach	n.	rò rỉ dữ liệu	Guests were told about a data breach.	Khách được thông báo về rò rỉ dữ liệu.	authorize
backup	n.	sao lưu	skip	skip	memo
restore	v.	khôi phục	skip	skip	inventory
outage	n.	sự cố	skip	skip	inventory
downtime	n.	thời gian ngừng hệ thống	Overnight downtime is used for updates.	Thời gian ngừng đêm dùng để cập nhật.	memo
uptime	n.	thời gian hệ thống chạy	The booking site had 99 percent uptime.	Trang đặt phòng chạy 99 phần trăm thời gian.	reservation
bandwidth	n.	băng thông	Video calls use more bandwidth than mail.	Gọi video dùng băng thông nhiều hơn thư.	memo
latency	n.	độ trễ mạng	High latency made the call choppy.	Độ trễ cao làm cuộc gọi bị ngắt quãng.	memo
router	n.	bộ định tuyến	The router is in the locked closet.	Bộ định tuyến ở tủ khóa.	headquarters
modem	n.	modem	A new modem will arrive on Tuesday.	Modem mới sẽ đến vào thứ Ba.	inventory
hotspot	n.	điểm phát wifi	A guest hotspot is available in the lobby.	Điểm phát wifi khách có ở sảnh.	reservation
ethernet	n.	mạng dây	Meeting rooms still have ethernet ports.	Phòng họp vẫn có cổng mạng dây.	conference
adapter	n.	bộ chuyển	An adapter for UK plugs is at the desk.	Bộ chuyển phích cắm Anh có ở quầy.	itinerary
charger	n.	bộ sạc	A phone charger can be borrowed at reception.	Bộ sạc điện thoại có thể mượn ở lễ tân.	reservation
battery	n.	pin	The scanner battery lasts one shift.	Pin máy quét dùng được một ca.	inventory
toner	n.	mực in	Order toner when the light turns red.	Đặt mực in khi đèn đỏ.	inventory
cartridge	n.	hộp mực	Shake the cartridge before you install it.	Lắc hộp mực trước khi lắp.	inventory
paper	n.	giấy	Letter-size paper is in the cabinet.	Giấy khổ thư ở trong tủ.	memo
clip	n.	kẹp giấy	Paper clips are in the middle drawer.	Kẹp giấy ở ngăn giữa.	memo
staple	n.	ghim	Do not put staples in the scanner.	Không cho ghim vào máy quét.	memo
folder	n.	bìa hồ sơ	A blue folder holds visa copies.	Bìa xanh giữ bản sao thị thực.	itinerary
binder	n.	bìa còng	The training binder is on the shelf.	Bìa còng đào tạo ở trên kệ.	employee
whiteboard	n.	bảng trắng	Wipe the whiteboard after the class.	Xóa bảng trắng sau buổi học.	conference
marker	n.	bút lông	Only use dry-erase markers on this board.	Chỉ dùng bút xóa được trên bảng này.	conference
flipchart	n.	bảng giấy lật	A flipchart stands by the window.	Bảng giấy lật đứng cạnh cửa sổ.	conference
podium	n.	bục	The microphone is clipped to the podium.	Micro kẹp trên bục.	conference
microphone	n.	micro	Test the microphone before guests arrive.	Thử micro trước khi khách đến.	conference
headset	n.	tai nghe	Interpreters will wear a headset.	Phiên dịch sẽ đeo tai nghe.	conference
interpreter	n.	phiên dịch viên	An interpreter sits in the back row.	Phiên dịch viên ngồi hàng sau.	conference
translation	n.	bản dịch	A translation of the menu is on the table.	Bản dịch thực đơn ở trên bàn.	complimentary
bilingual	adj.	song ngữ	Bilingual staff work at the information desk.	Nhân viên song ngữ làm ở quầy thông tin.	employee
fluency	n.	độ trôi chảy	Fluency in Korean is a plus for this post.	Trôi chảy tiếng Hàn là lợi thế cho vị trí này.	applicant
accent	n.	giọng	Guests had no trouble with her accent.	Khách không khó nghe giọng cô ấy.	employee
idiom	n.	thành ngữ	Avoid idiom in safety instructions.	Tránh thành ngữ trong hướng dẫn an toàn.	memo
jargon	n.	thuật ngữ ngành	Replace jargon with plain words for guests.	Đổi thuật ngữ ngành thành lời dễ cho khách.	brochure
plain	adj.	dễ hiểu	Write signs in plain language.	Viết biển bằng ngôn ngữ dễ hiểu.	brochure
concise	adj.	ngắn gọn	Keep the email concise and polite.	Giữ email ngắn gọn và lịch sự.	memo
legible	adj.	dễ đọc	Write your name in legible letters.	Viết tên bằng chữ dễ đọc.	memo
illegible	adj.	khó đọc	The signature on the form is illegible.	Chữ ký trên mẫu khó đọc.	authorize
proofread	v.	đọc soát	Please proofread the brochure before printing.	Vui lòng đọc soát tờ brochure trước khi in.	brochure
typo	n.	lỗi đánh máy	A typo in the price list caused confusion.	Lỗi đánh máy trong bảng giá gây nhầm.	brochure
edit	v.	biên tập	Edit the draft before the director sees it.	Biên tập bản nháp trước khi giám đốc xem.	memo
revise	v.	sửa	skip	skip	conference
rewrite	v.	viết lại	Rewrite the apology in a calmer tone.	Viết lại lời xin lỗi với giọng ôn hòa hơn.	memo
format	v.	định dạng	Format the report with page numbers.	Định dạng báo cáo có số trang.	memo
template	n.	mẫu sẵn	Use the letter template on the shared drive.	Dùng mẫu thư trên ổ dùng chung.	memo
letterhead	n.	tiêu đề giấy công ty	Print contracts on official letterhead.	In hợp đồng trên giấy tiêu đề công ty.	memo
watermark	n.	hình mờ	A draft watermark appears on each page.	Hình mờ bản nháp hiện trên mỗi trang.	memo
font	n.	phông chữ	Use the same font as last year's catalog.	Dùng cùng phông chữ với danh mục năm ngoái.	brochure
layout	n.	bố cục	The layout leaves room for a map.	Bố cục chừa chỗ cho bản đồ.	brochure
margin	n.	lề trang	Widen the margin so the binder can punch holes.	Nới lề để bìa còng đục lỗ được.	memo
spacing	n.	giãn dòng	Increase spacing so the text is easier to read.	Tăng giãn dòng để dễ đọc hơn.	memo
bullet	n.	gạch đầu dòng	Use bullets for the three main benefits.	Dùng gạch đầu dòng cho ba lợi ích chính.	brochure
heading	n.	tiêu đề mục	Each heading should be in bold.	Mỗi tiêu đề mục nên in đậm.	memo
caption	n.	chú thích ảnh	Write a caption under every photo.	Viết chú thích dưới mỗi ảnh.	brochure
illustration	n.	minh họa	The illustration shows how to fold the map.	Minh họa cho thấy cách gấp bản đồ.	brochure
graphic	n.	đồ họa	A graphic of the airport is on page two.	Đồ họa sân bay ở trang hai.	itinerary
icon	n.	biểu tượng	A suitcase icon marks the luggage claim.	Biểu tượng vali đánh dấu nơi lấy hành lý.	itinerary
logo	n.	logo	skip	skip	brochure
trademark	n.	nhãn hiệu	skip	skip	brochure
patent	n.	bằng sáng chế	skip	skip	brochure
copyright	n.	bản quyền	skip	skip	brochure
royalty	n.	tiền bản quyền	The designer receives a royalty on each sale.	Nhà thiết kế nhận tiền bản quyền mỗi lần bán.	budget
license	n.	giấy phép	skip	skip	authorize
franchise	n.	nhượng quyền	A new franchise will open near the station.	Cửa hàng nhượng quyền mới sẽ mở gần ga.	headquarters
outlet	n.	cửa hàng chi nhánh	The outlet store sells last season's bags.	Cửa hàng chi nhánh bán túi mùa trước.	brochure
flagship	n.	cửa hàng chính	The flagship store is on the main square.	Cửa hàng chính ở quảng trường lớn.	headquarters
boutique	n.	cửa hàng nhỏ	A boutique in the lobby sells local crafts.	Cửa hàng nhỏ ở sảnh bán đồ thủ công.	brochure
kiosk	n.	ki-ốt	skip	skip	brochure
vending	n.	máy bán hàng tự động	The vending machine on floor 3 takes cards.	Máy bán hàng tầng 3 nhận thẻ.	headquarters
checkout	n.	quầy thanh toán	Express checkout is for guests with no extras.	Thanh toán nhanh cho khách không phát sinh.	reservation
cashier	n.	thu ngân	The cashier can print a duplicate receipt.	Thu ngân có thể in biên lai sao.	invoice
register	n.	máy tính tiền	Close the register at 9 p.m. sharp.	Chốt máy tính tiền đúng 9 giờ tối.	invoice
barcode	n.	mã vạch	skip	skip	shipment
scanner	n.	máy quét	skip	skip	memo
receipt	n.	biên lai	skip	skip	invoice
change	n.	tiền thối	The guest asked for change in small bills.	Khách xin thối tiền bằng tờ nhỏ.	invoice
refund	n.	hoàn tiền	skip	skip	invoice
exchange	v.	đổi hàng	You may exchange the shirt for another size.	Bạn có thể đổi áo sang cỡ khác.	brochure
return	n.	đơn trả hàng	Bring the tag if you make a return.	Mang mác nếu bạn trả hàng.	invoice
warranty	n.	bảo hành	skip	skip	inventory
guarantee	n.	bảo đảm	skip	skip	inventory
recall	n.	thu hồi sản phẩm	A recall was issued for the faulty charger.	Thu hồi được ban cho bộ sạc lỗi.	inventory
defect	n.	lỗi	Report any defect within 48 hours.	Báo lỗi trong vòng 48 giờ.	inventory
malfunction	n.	trục trặc	A malfunction stopped the ticket machine.	Trục trặc làm dừng máy bán vé.	inventory
breakdown	n.	hỏng máy	A breakdown on the highway delayed the truck.	Hỏng máy trên cao tốc làm chậm xe tải.	shipment
spare	n.	linh kiện dự phòng	A spare tire is under the van floor.	Lốp dự phòng ở sàn xe tải.	inventory
part	n.	phụ tùng	This part is no longer manufactured.	Phụ tùng này không còn được sản xuất.	inventory
compatible	adj.	tương thích	skip	skip	inventory
obsolete	adj.	lỗi thời	skip	skip	brochure
upgrade	v.	nâng cấp	skip	skip	reservation
downgrade	v.	hạ cấp	Do not downgrade the software on shared PCs.	Không hạ cấp phần mềm trên máy dùng chung.	memo
patch	n.	bản vá	Install the security patch tonight.	Cài bản vá bảo mật tối nay.	memo
version	n.	phiên bản	Version 3.2 fixes the printing bug.	Phiên bản 3.2 sửa lỗi in.	memo
beta	n.	bản thử	Staff may try the beta on test phones only.	Nhân viên chỉ thử bản beta trên máy test.	memo
rollout	n.	đợt triển khai	The nationwide rollout begins in October.	Đợt triển khai toàn quốc bắt đầu tháng Mười.	headquarters
pilot	n.	thí điểm	A pilot of the new menu runs in two cafés.	Thí điểm thực đơn mới chạy ở hai quán.	complimentary
prototype	n.	nguyên mẫu	The prototype chair is in the showroom.	Ghế nguyên mẫu ở phòng trưng bày.	inventory
sample	n.	mẫu	skip	skip	brochure
mock-up	n.	mô hình thử	The designer sent a mock-up of the flyer.	Nhà thiết kế gửi mô hình thử tờ rơi.	brochure
blueprint	n.	bản thiết kế	The blueprint shows a wider loading dock.	Bản thiết kế cho thấy bến chất hàng rộng hơn.	shipment
specification	n.	thông số	The specification lists the maximum load.	Thông số liệt kê tải tối đa.	inventory
dimension	n.	kích thước	Check the dimension of the crate before shipping.	Kiểm tra kích thước thùng trước khi gửi.	shipment
weight	n.	trọng lượng	The weight limit for this elevator is posted.	Giới hạn trọng lượng thang máy được niêm yết.	occupancy
capacity	n.	sức chứa	skip	skip	occupancy
volume	n.	thể tích / sản lượng	Shipping volume rose in the holiday week.	Sản lượng gửi hàng tăng tuần lễ.	shipment
quantity	n.	số lượng	Write the quantity next to each item.	Ghi số lượng cạnh mỗi mặt hàng.	invoice
unit	n.	đơn vị	The price is 2 dollars per unit.	Giá là 2 đô la mỗi đơn vị.	invoice
dozen	n.	tá	Order two dozen towels for the spa.	Đặt hai tá khăn cho spa.	inventory
gross	n.	tổng trước thuế	The gross amount is printed in bold.	Tổng trước thuế được in đậm.	invoice
net	adj.	ròng	Net pay appears at the bottom of the slip.	Lương ròng ở cuối phiếu.	budget
gross	adj.	gộp	Gross sales do not subtract returns.	Doanh số gộp chưa trừ hàng trả.	budget
discount	n.	giảm giá	skip	skip	invoice
rebate	n.	hoàn tiền khuyến mãi	Mail the form to claim a 20-dollar rebate.	Gửi mẫu để nhận hoàn 20 đô la khuyến mãi.	invoice
coupon	n.	phiếu giảm giá	This coupon cannot be combined with other offers.	Phiếu này không cộng với ưu đãi khác.	brochure
voucher	n.	phiếu quà tặng	A meal voucher is valid for 90 days.	Phiếu ăn có hiệu lực 90 ngày.	complimentary
gift	n.	quà	A welcome gift waits in every suite.	Quà chào mừng chờ trong mỗi suite.	complimentary
loyalty	n.	lòng trung thành	Loyalty points can be used for a free night.	Điểm trung thành đổi được một đêm miễn phí.	reservation
points	n.	điểm thưởng	500 points equal one breakfast.	500 điểm tương đương một bữa sáng.	complimentary
membership	n.	thẻ thành viên	skip	skip	brochure
tier	n.	hạng thành viên	Gold-tier guests get late checkout.	Khách hạng vàng được trả phòng muộn.	reservation
elite	adj.	hạng đặc biệt	Elite members skip the taxi line.	Thành viên hạng đặc biệt không xếp hàng taxi.	itinerary
privilege	n.	đặc quyền	Lounge access is a privilege of business class.	Vào lounge là đặc quyền hạng thương gia.	itinerary
perk	n.	quyền lợi thêm	Free parking is a perk for night staff.	Đỗ xe miễn phí là quyền lợi thêm của ca đêm.	employee
incentive	n.	động lực / thưởng khích lệ	A sales incentive is paid each quarter.	Thưởng khích lệ bán hàng trả mỗi quý.	budget
commission	n.	hoa hồng	Agents earn a 5 percent commission.	Đại lý nhận hoa hồng 5 phần trăm.	budget
bonus	n.	thưởng	skip	skip	budget
raise	n.	tăng lương	She received a raise after the review.	Cô ấy được tăng lương sau đánh giá.	employee
cut	n.	cắt giảm	A pay cut was avoided this year.	Năm nay tránh được cắt lương.	budget
freeze	n.	đóng băng (tuyển/lương)	A hiring freeze lasts until March.	Đóng băng tuyển dụng kéo dài đến tháng Ba.	applicant
headcount	n.	số nhân sự	Headcount in accounting grew by two.	Số nhân sự kế toán tăng thêm hai.	employee
attrition	n.	hao hụt nhân sự	Natural attrition will reduce the team by three.	Hao hụt tự nhiên sẽ giảm nhóm đi ba người.	employee
retention	n.	giữ chân nhân sự	Better hours improved staff retention.	Giờ làm tốt hơn giúp giữ chân nhân sự.	employee
morale	n.	sĩ khí	Free lunch lifted morale on Fridays.	Cơm trưa miễn phí nâng sĩ khí thứ Sáu.	employee
burnout	n.	kiệt sức nghề nghiệp	Managers watch for signs of burnout.	Quản lý theo dõi dấu hiệu kiệt sức.	employee
wellness	n.	sức khỏe toàn diện	A wellness talk is offered each month.	Buổi nói về sức khỏe được tổ chức mỗi tháng.	employee
ergonomic	adj.	công thái học	An ergonomic chair is available on request.	Ghế công thái học có khi yêu cầu.	employee
overtime	n.	làm thêm	skip	skip	employee
flex	adj.	linh hoạt	Flex hours start between 7 and 10 a.m.	Giờ linh hoạt bắt đầu từ 7 đến 10 giờ sáng.	employee
remote	adj.	từ xa	Remote staff join the call at 9.	Nhân viên từ xa vào cuộc gọi lúc 9 giờ.	employee
hybrid	adj.	kết hợp	Hybrid work means two office days a week.	Làm kết hợp nghĩa là hai ngày ở văn phòng.	employee
commute	n.	quãng đi làm	The average commute is 35 minutes.	Quãng đi làm trung bình là 35 phút.	employee
carpool	v.	đi chung xe	Staff may carpool to the off-site meeting.	Nhân viên có thể đi chung xe tới họp ngoài.	itinerary
teleconference	n.	họp từ xa	The teleconference ID is in the invite.	Mã họp từ xa nằm trong thư mời.	conference
webinar	n.	hội thảo trực tuyến	The webinar will be recorded.	Hội thảo trực tuyến sẽ được ghi.	conference
livestream	n.	phát trực tiếp	A livestream of the keynote starts at 10.	Phát trực tiếp bài chính bắt đầu lúc 10 giờ.	conference
recording	n.	bản ghi	The recording will stay online for a week.	Bản ghi sẽ ở trực tuyến một tuần.	conference
transcript	n.	bản ghi lời	A transcript is emailed to attendees.	Bản ghi lời được gửi email cho người dự.	conference
slides	n.	slide	Please send the slides by Thursday.	Vui lòng gửi slide trước thứ Năm.	conference
handout	n.	tài liệu phát	skip	skip	conference
Q&A	n.	hỏi đáp	Q&A follows the 20-minute talk.	Hỏi đáp sau bài nói 20 phút.	conference
feedback	n.	phản hồi	Leave feedback in the box by the door.	Để phản hồi ở hộp cạnh cửa.	conference
rating	n.	điểm đánh giá	The hotel's rating rose after the renovation.	Điểm đánh giá khách sạn tăng sau cải tạo.	occupancy
review	n.	bài đánh giá	A guest review mentioned the quiet rooms.	Bài đánh giá của khách nhắc phòng yên.	reservation
complaint	n.	khiếu nại	Every complaint is logged the same day.	Mọi khiếu nại được ghi trong ngày.	reservation
compliment	n.	lời khen	A compliment about the chef was posted online.	Lời khen về bếp trưởng được đăng trực tuyến.	complimentary
suggestion	n.	góp ý	A suggestion box sits at reception.	Hộp góp ý ở lễ tân.	reservation
survey	n.	khảo sát	skip	skip	memo
poll	n.	thăm dò	A quick poll chose the new paint color.	Thăm dò nhanh chọn màu sơn mới.	brochure
focus	n.	nhóm tập trung	A focus group tasted three soup recipes.	Nhóm tập trung nếm ba công thức súp.	complimentary
insight	n.	hiểu biết sâu	The report gave insight into guest habits.	Báo cáo cho hiểu biết về thói quen khách.	brochure
analytics	n.	phân tích dữ liệu	Analytics show most bookings happen at night.	Phân tích dữ liệu cho thấy đặt phòng nhiều lúc đêm.	reservation
dashboard	n.	bảng theo dõi	The dashboard tracks rooms still vacant.	Bảng theo dõi các phòng còn trống.	occupancy
metric	n.	chỉ số	Occupancy is our main metric this quarter.	Công suất là chỉ số chính quý này.	occupancy
benchmark	n.	mốc so sánh	Last year's sales are the benchmark.	Doanh số năm ngoái là mốc so sánh.	budget
kpi	n.	chỉ số hiệu suất	Each team has three KPI targets.	Mỗi nhóm có ba mục tiêu KPI.	employee
target	n.	mục tiêu	skip	skip	brochure
quota	n.	chỉ tiêu	The sales quota for May is 40 rooms.	Chỉ tiêu bán tháng Năm là 40 phòng.	reservation
pipeline	n.	phễu bán hàng	Two large groups are in the pipeline.	Hai đoàn lớn đang trong phễu bán hàng.	reservation
lead	n.	đầu mối khách	A conference lead asked for 20 rooms.	Đầu mối hội nghị hỏi 20 phòng.	reservation
prospect	n.	khách tiềm năng	Call each prospect within one day.	Gọi mỗi khách tiềm năng trong một ngày.	brochure
conversion	n.	tỷ lệ chốt	Website conversion rose after the redesign.	Tỷ lệ chốt trên web tăng sau đổi giao diện.	brochure
upsell	v.	bán thêm hạng cao	Front desk staff upsell suites at check-in.	Lễ tân bán thêm suite lúc nhận phòng.	reservation
cross-sell	v.	bán chéo	We cross-sell spa passes with weekend stays.	Chúng tôi bán chéo vé spa với nghỉ cuối tuần.	brochure
closing	n.	chốt đơn	Closing the deal took three meetings.	Chốt đơn mất ba cuộc họp.	conference
follow-up	n.	liên hệ tiếp	A follow-up email goes out the next morning.	Email liên hệ tiếp được gửi sáng hôm sau.	memo
cold	adj.	gọi lạnh	Cold calls are not allowed after 8 p.m.	Không được gọi lạnh sau 8 giờ tối.	brochure
inquiry	n.	yêu cầu thông tin	An inquiry about group rates arrived today.	Một yêu cầu về giá đoàn đến hôm nay.	reservation
quotation	n.	báo giá	skip	skip	invoice
estimate	n.	ước tính	skip	skip	invoice
proposal	n.	đề xuất	The proposal includes two room blocks.	Đề xuất gồm hai khối phòng.	reservation
pitch	n.	bài chào hàng	Her pitch to the airline lasted ten minutes.	Bài chào hàng tới hãng bay dài mười phút.	brochure
brief	n.	bản tóm tắt yêu cầu	The design brief asks for a calmer color.	Bản tóm tắt yêu cầu màu dịu hơn.	brochure
scope	n.	phạm vi	The scope of work excludes painting.	Phạm vi công việc không gồm sơn.	authorize
deliverable	n.	sản phẩm bàn giao	The first deliverable is a floor plan.	Sản phẩm bàn giao đầu là mặt bằng.	headquarters
milestone	n.	mốc	The next milestone is a working website.	Mốc tiếp theo là trang web chạy được.	deadline
timeline	n.	mốc thời gian	The timeline slipped by one week.	Mốc thời gian chậm một tuần.	deadline
gantt	n.	biểu đồ Gantt	A Gantt chart hangs in the project room.	Biểu đồ Gantt treo ở phòng dự án.	deadline
backlog	n.	việc tồn	The repair backlog should clear by Friday.	Việc sửa tồn sẽ xong trước thứ Sáu.	inventory
bottleneck	n.	điểm nghẽn	Customs is the bottleneck for this route.	Hải quan là điểm nghẽn của tuyến này.	shipment
lead	n.	thời gian chờ sản xuất	Lead time for chairs is six weeks.	Thời gian chờ ghế là sáu tuần.	inventory
just-in-time	adj.	đúng lúc	Just-in-time delivery keeps the warehouse small.	Giao đúng lúc giúp kho nhỏ.	shipment
consignment	n.	hàng gửi	skip	skip	shipment
freight	n.	cước	skip	skip	shipment
haulage	n.	vận tải đường bộ	Road haulage is slower after the storm.	Vận tải đường bộ chậm hơn sau bão.	shipment
fleet	n.	đội xe	The fleet adds two electric vans next month.	Đội xe thêm hai van điện tháng tới.	shipment
dispatcher	n.	điều phối viên	The dispatcher moved the pickup to 3 p.m.	Điều phối viên dời giờ lấy hàng sang 3 giờ.	shipment
driver	n.	tài xế	The driver needs the dock code.	Tài xế cần mã bến.	shipment
manifest	n.	bảng kê hàng	Check the manifest before you unload.	Kiểm bảng kê trước khi dỡ.	shipment
waybill	n.	vận đơn	A waybill travels with every pallet.	Vận đơn đi cùng mỗi palet.	shipment
bill	n.	vận đơn đường biển	The bill of lading is in the pouch.	Vận đơn đường biển ở trong túi.	shipment
lading	n.	hàng xếp tàu	Lading was finished before high tide.	Xếp hàng xong trước thủy triều cao.	shipment
stevedore	n.	công nhân bốc xếp cảng	Stevedores unload containers at night.	Công nhân bốc xếp dỡ container ban đêm.	shipment
wharf	n.	cầu tàu	The crane sits on the north wharf.	Cần cẩu ở cầu tàu phía bắc.	shipment
berth	n.	vị trí neo	The ship will berth at dock 7.	Tàu sẽ neo ở bến 7.	shipment
draft	n.	mớn nước	The ship's draft is too deep for this canal.	Mớn nước tàu quá sâu cho kênh này.	shipment
tug	n.	tàu kéo	A tug will guide the tanker in.	Tàu kéo sẽ dẫn tàu chở dầu vào.	shipment
pilot	n.	hoa tiêu	A harbor pilot boards before the narrows.	Hoa tiêu lên tàu trước khúc hẹp.	shipment
customs	n.	hải quan	skip	skip	shipment
tariff	n.	thuế quan	skip	skip	invoice
duty	n.	thuế nhập	Duty on electronics is paid at the airport.	Thuế nhập đồ điện tử trả ở sân bay.	invoice
quota	n.	hạn ngạch	An import quota limits cheap steel.	Hạn ngạch nhập giới hạn thép rẻ.	shipment
embargo	n.	cấm vận	An embargo blocked shipments of the parts.	Lệnh cấm vận chặn lô linh kiện.	shipment
inspection	n.	kiểm tra	A random inspection delayed two trucks.	Kiểm tra ngẫu nhiên làm chậm hai xe.	shipment
quarantine	n.	cách ly kiểm dịch	Plants stay in quarantine for ten days.	Cây phải cách ly kiểm dịch mười ngày.	shipment
certificate	n.	giấy chứng nhận	A health certificate is required for food.	Cần giấy chứng nhận y tế cho thực phẩm.	authorize
origin	n.	xuất xứ	skip	skip	shipment
destination	n.	điểm đến	skip	skip	shipment
transit	n.	trung chuyển	skip	skip	shipment
bonded	adj.	chịu sự quản lý hải quan	Bonded goods stay in a locked warehouse.	Hàng chịu quản lý hải quan ở kho khóa.	shipment
clearance	n.	thông quan	Clearance took longer than expected.	Thông quan lâu hơn dự kiến.	shipment
broker	n.	môi giới hải quan	A broker filed the import papers.	Môi giới hải quan nộp giấy nhập khẩu.	shipment
forwarder	n.	đơn vị giao nhận	The forwarder booked space on Friday's ship.	Đơn vị giao nhận đặt chỗ tàu thứ Sáu.	shipment
consolidator	n.	đơn vị gom hàng	A consolidator combined three small loads.	Đơn vị gom hàng ghép ba lô nhỏ.	shipment
deconsolidation	n.	tách lô	Deconsolidation happens at the inland depot.	Tách lô diễn ra ở depot nội địa.	shipment
depot	n.	depot	Empty containers return to the depot.	Container rỗng trả về depot.	shipment
yard	n.	bãi	Trucks wait in the south yard.	Xe tải chờ ở bãi nam.	shipment
gatehouse	n.	chốt cổng	Show your ID at the gatehouse.	Xuất trình giấy tờ ở chốt cổng.	authorize
weighbridge	n.	cân xe	Every truck crosses the weighbridge.	Mọi xe tải đều qua cân.	shipment
payload	n.	tải hữu ích	The payload must stay under 10 tons.	Tải hữu ích phải dưới 10 tấn.	shipment
axle	n.	trục xe	An extra axle is required for this load.	Cần thêm một trục cho lô này.	shipment
trailer	n.	rơ-moóc	The trailer is parked at dock 2.	Rơ-moóc đỗ ở bến 2.	shipment
chassis	n.	khung xe container	A chassis shortage delayed the pickup.	Thiếu khung xe làm chậm lấy hàng.	shipment
forklift	n.	xe nâng	Only trained staff may drive a forklift.	Chỉ nhân viên được đào tạo được lái xe nâng.	inventory
pallet	n.	palet	skip	skip	shipment
shrink-wrap	n.	màng co	Shrink-wrap the stack before loading.	Bọc màng co chồng hàng trước khi chất.	shipment
strapping	n.	dây đai	Check the strapping on every crate.	Kiểm dây đai mọi thùng.	shipment
crate	n.	thùng gỗ	The piano ships in a wooden crate.	Đàn piano gửi trong thùng gỗ.	shipment
carton	n.	thùng carton	skip	skip	shipment
box	n.	hộp	Seal each box with tape marked FRAGILE.	Dán mỗi hộp bằng băng chữ DỄ VỠ.	shipment
label	n.	nhãn	The label must show the destination code.	Nhãn phải hiện mã điểm đến.	shipment
sticker	n.	tem dán	Put a priority sticker on overnight bags.	Dán tem ưu tiên lên túi gửi qua đêm.	shipment
tag	n.	thẻ	A luggage tag with a phone number helps.	Thẻ hành lý có số điện thoại sẽ hữu ích.	itinerary
seal	n.	kẹp chì	skip	skip	shipment
tamper	v.	can thiệp trái phép	Do not accept a box that looks tampered.	Không nhận hộp có vẻ bị can thiệp.	shipment
theft	n.	trộm	Camera footage helped after the theft.	Hình camera giúp sau vụ trộm.	authorize
shrinkage	n.	hao hụt hàng	Night counts reduce shrinkage in the store.	Kiểm đêm giảm hao hụt trong cửa hàng.	inventory
discrepancy	n.	chênh lệch	A discrepancy of four units was found.	Phát hiện chênh lệch bốn đơn vị.	inventory
shortage	n.	thiếu	skip	skip	inventory
surplus	n.	thừa	skip	skip	budget
overage	n.	hàng thừa khi giao	Report any overage to the warehouse clerk.	Báo hàng thừa khi giao cho nhân viên kho.	inventory
underage	n.	hàng thiếu khi giao	An underage of two cartons was noted.	Thiếu hai thùng khi giao đã được ghi.	inventory
damaged	adj.	hư hỏng	Damaged goods stay in the quarantine cage.	Hàng hư ở lồng cách ly.	inventory
spoiled	adj.	hỏng (thực phẩm)	Spoiled milk must not be served.	Sữa hỏng không được phục vụ.	complimentary
expired	adj.	hết hạn	Expired coupons cannot be used.	Phiếu hết hạn không dùng được.	deadline
fresh	adj.	tươi	Fresh bread arrives at 6 a.m.	Bánh mì tươi đến lúc 6 giờ sáng.	complimentary
frozen	adj.	đông lạnh	Frozen goods travel in a refrigerated truck.	Hàng đông lạnh đi xe lạnh.	shipment
chilled	adj.	ướp lạnh	Chilled juice is stored at 4 degrees.	Nước ép ướp lạnh để ở 4 độ.	inventory
ambient	adj.	nhiệt độ phòng	Ambient snacks go on the dry shelf.	Đồ ăn vặt nhiệt độ phòng để kệ khô.	inventory
perishable	adj.	dễ hỏng	skip	skip	shipment
fragile	adj.	dễ vỡ	skip	skip	shipment
hazardous	adj.	nguy hiểm	Hazardous paint ships in special cans.	Sơn nguy hiểm gửi trong lon đặc biệt.	shipment
flammable	adj.	dễ cháy	Flammable liquids stay in a metal cabinet.	Chất lỏng dễ cháy để tủ kim loại.	inventory
corrosive	adj.	ăn mòn	Wear gloves with corrosive cleaner.	Đeo găng khi dùng dung dịch ăn mòn.	inventory
toxic	adj.	độc	Toxic waste is collected by a licensed firm.	Chất thải độc được công ty có giấy phép thu.	authorize
radioactive	adj.	phóng xạ	Radioactive packages need extra labels.	Kiện phóng xạ cần nhãn thêm.	shipment
explosive	adj.	nổ	Explosive materials are banned on this flight.	Vật liệu nổ bị cấm trên chuyến bay này.	itinerary
restricted	adj.	hạn chế	Restricted items cannot go in carry-on bags.	Đồ hạn chế không được để túi xách tay.	itinerary
prohibited	adj.	bị cấm	Prohibited goods are listed on the website.	Hàng bị cấm được liệt kê trên trang web.	authorize
allowed	adj.	được phép	Laptops are allowed through this checkpoint.	Laptop được phép qua chốt này.	itinerary
permitted	adj.	được cho phép	Pets are not permitted in the restaurant.	Thú cưng không được phép vào nhà hàng.	complimentary
forbidden	adj.	cấm	Photography is forbidden in the archive.	Cấm chụp ảnh trong kho lưu trữ.	authorize
mandatory	adj.	bắt buộc	skip	skip	authorize
optional	adj.	tùy chọn	skip	skip	itinerary
recommended	adj.	được khuyến nghị	A window seat is recommended for this view.	Ghế cửa sổ được khuyến nghị cho view này.	itinerary
advisable	adj.	nên	It is advisable to book taxis the night before.	Nên đặt taxi từ tối hôm trước.	itinerary
preferable	adj.	nên chọn hơn	A morning flight is preferable in summer fog.	Chuyến sáng nên chọn hơn khi sương mù hè.	itinerary
suitable	adj.	phù hợp	This hall is suitable for 80 seated guests.	Hội trường này phù hợp 80 khách ngồi.	occupancy
unsuitable	adj.	không phù hợp	High heels are unsuitable in the warehouse.	Giày cao gót không phù hợp trong kho.	inventory
adequate	adj.	đủ	skip	skip	conference
insufficient	adj.	không đủ	skip	skip	occupancy
ample	adj.	dồi dào	There is ample parking behind the building.	Có chỗ đỗ dồi dào phía sau tòa nhà.	occupancy
scarce	adj.	khan hiếm	Taxis are scarce after midnight.	Taxi khan hiếm sau nửa đêm.	itinerary
abundant	adj.	phong phú	Abundant fruit is served at breakfast.	Trái cây phong phú được phục vụ bữa sáng.	complimentary
limited	adj.	hạn chế	Limited seating remains for the 6 p.m. show.	Chỗ ngồi hạn chế còn cho suất 6 giờ tối.	occupancy
unlimited	adj.	không giới hạn	Club guests get unlimited coffee refills.	Khách câu lạc bộ được đổ cà phê không giới hạn.	complimentary
exclusive	adj.	độc quyền	skip	skip	brochure
inclusive	adj.	bao gồm	The tour is inclusive of lunch.	Tour đã bao gồm bữa trưa.	itinerary
all-inclusive	adj.	trọn gói	The all-inclusive rate covers drinks.	Giá trọn gói gồm đồ uống.	reservation
complimentary	adj.	miễn phí tặng	skip	skip	complimentary
surcharge	n.	phụ phí	A weekend surcharge applies to this fare.	Phụ phí cuối tuần áp dụng cho giá này.	invoice
levy	n.	khoản thu thêm	A tourism levy is added to the bill.	Khoản thu du lịch được cộng vào hóa đơn.	invoice
vat	n.	thuế GTGT	VAT is shown as a separate line.	Thuế GTGT hiện thành một dòng riêng.	invoice
withholding	n.	thuế khấu trừ	Withholding tax is taken from the invoice.	Thuế khấu trừ được trừ trên hóa đơn.	invoice
exemption	n.	miễn trừ	A tax exemption form is in the packet.	Mẫu miễn thuế ở trong bộ hồ sơ.	invoice
deduction	n.	khoản khấu trừ	A deduction for meals appears on the slip.	Khoản khấu trừ ăn uống hiện trên phiếu.	invoice
allowance	n.	trợ cấp	skip	skip	budget
stipend	n.	trợ cấp cố định	Interns receive a monthly stipend.	Thực tập sinh nhận trợ cấp cố định hàng tháng.	employee
honorarium	n.	thù lao diễn giả	An honorarium is paid after the lecture.	Thù lao diễn giả được trả sau bài giảng.	conference
reimbursement	n.	hoàn chi	skip	skip	invoice
out-of-pocket	adj.	tự trả trước	Keep out-of-pocket receipts for accounting.	Giữ biên lai tự trả cho kế toán.	invoice
petty	adj.	quỹ nhỏ	Petty cash is kept in a locked box.	Quỹ nhỏ để trong hộp khóa.	budget
float	n.	tiền lẻ đầu ca	The morning float is 100 dollars in coins.	Tiền lẻ đầu ca là 100 đô la xu.	invoice
till	n.	ngăn kéo tiền	Count the till before you lock the shop.	Đếm ngăn kéo tiền trước khi khóa cửa.	invoice
safe	n.	két	Large bills go into the safe at closing.	Tờ lớn cho vào két lúc đóng cửa.	budget
vault	n.	kho tiền	The vault opens only with two keys.	Kho tiền chỉ mở bằng hai chìa.	authorize
counterfeit	adj.	giả	skip	skip	authorize
authentic	adj.	thật	skip	skip	authorize
forged	adj.	rèn chữ ký giả	A forged signature voided the check.	Chữ ký giả làm séc vô hiệu.	authorize
void	adj.	vô hiệu	A void check cannot be cashed.	Séc vô hiệu không đổi được tiền.	invoice
valid	adj.	còn hiệu lực	skip	skip	authorize
invalid	adj.	không hiệu lực	An invalid coupon was declined at the till.	Phiếu không hiệu lực bị từ chối ở quầy.	invoice
expired	adj.	hết hạn	skip	skip	deadline
current	adj.	hiện hành	Use the current price list, not last year's.	Dùng bảng giá hiện hành, không dùng năm ngoái.	brochure
upcoming	adj.	sắp tới	The upcoming fair will fill every hotel.	Hội chợ sắp tới sẽ kín mọi khách sạn.	occupancy
ongoing	adj.	đang diễn ra	Ongoing repairs may close the east wing.	Sửa chữa đang diễn ra có thể đóng cánh đông.	occupancy
pending	adj.	đang chờ	A pending payment is holding the room.	Khoản thanh toán đang chờ giữ phòng.	reservation
tentative	adj.	chưa chốt	skip	skip	deadline
confirmed	adj.	đã xác nhận	A confirmed booking appears in green.	Đặt phòng đã xác nhận hiện màu xanh.	reservation
canceled	adj.	đã hủy	A canceled flight is marked in red.	Chuyến đã hủy được đánh dấu đỏ.	itinerary
postponed	adj.	đã hoãn	The postponed workshop moves to May 12.	Hội thảo đã hoãn dời sang 12 tháng Năm.	deadline
rescheduled	adj.	đã đổi lịch	The rescheduled call is at 4 p.m.	Cuộc gọi đã đổi lịch lúc 4 giờ chiều.	deadline
advance	n.	đặt trước / tạm ứng	Book three months in advance in peak season.	Đặt trước ba tháng vào mùa cao điểm.	reservation
notice	n.	thông báo trước	Give 48 hours' notice to cancel a tour.	Báo trước 48 giờ để hủy tour.	itinerary
prompt	adj.	nhanh chóng	Prompt replies keep clients happy.	Trả lời nhanh giúp khách hài lòng.	memo
immediate	adj.	ngay	Immediate action is needed if a pipe leaks.	Cần hành động ngay nếu ống rò.	inventory
eventual	adj.	cuối cùng	The eventual cost was lower than the bid.	Chi phí cuối cùng thấp hơn giá thầu.	budget
interim	adj.	tạm thời	An interim manager starts on Monday.	Quản lý tạm bắt đầu vào thứ Hai.	employee
provisional	adj.	tạm	A provisional license is valid for 90 days.	Giấy phép tạm có hiệu lực 90 ngày.	authorize
permanent	adj.	lâu dài	skip	skip	applicant
temporary	adj.	tạm thời	skip	skip	headquarters
seasonal	adj.	theo mùa	Seasonal staff join us in December.	Nhân viên theo mùa vào làm tháng 12.	employee
annual	adj.	hàng năm	The annual picnic is on the first Saturday of June.	Dã ngoại hàng năm vào thứ Bảy đầu tháng Sáu.	employee
biennial	adj.	hai năm một lần	The biennial trade fair returns next spring.	Hội chợ hai năm một lần trở lại mùa xuân tới.	conference
quarterly	adj.	hàng quý	skip	skip	budget
monthly	adj.	hàng tháng	A monthly pass saves commuters money.	Vé tháng giúp người đi làm tiết kiệm.	itinerary
weekly	adj.	hàng tuần	Weekly inventory is done every Sunday night.	Kiểm tồn hàng tuần vào tối Chủ nhật.	inventory
daily	adj.	hàng ngày	Daily specials are written on the board.	Món đặc biệt hàng ngày ghi trên bảng.	complimentary
hourly	adj.	theo giờ	Hourly parking is cheaper than the day rate.	Đỗ theo giờ rẻ hơn giá cả ngày.	reservation
overnight	adj.	qua đêm	Overnight delivery arrives before 10 a.m.	Giao qua đêm đến trước 10 giờ sáng.	shipment
same-day	adj.	trong ngày	Same-day tailoring is offered downstairs.	Sửa đồ trong ngày có ở tầng dưới.	reservation
next-day	adj.	ngày hôm sau	Next-day service costs a little more.	Dịch vụ ngày hôm sau đắt hơn một chút.	shipment
express	adj.	hỏa tốc	Express shipping reaches the coast in two days.	Gửi hỏa tốc tới miền biển trong hai ngày.	shipment
standard	adj.	tiêu chuẩn	Standard rooms have a city view.	Phòng tiêu chuẩn có view thành phố.	reservation
deluxe	adj.	cao cấp	Deluxe rooms include a soaking tub.	Phòng cao cấp có bồn ngâm.	reservation
premium	adj.	hạng cao	Premium seats have extra legroom.	Ghế hạng cao có chỗ để chân rộng hơn.	itinerary
economy	n.	hạng phổ thông	Economy class has a snack service.	Hạng phổ thông có phục vụ đồ ăn nhẹ.	itinerary
business	n.	hạng thương gia	Business class check-in is on the left.	Làm thủ tục hạng thương gia ở bên trái.	itinerary
first	n.	hạng nhất	First class passengers board first.	Khách hạng nhất lên máy bay trước.	itinerary
coach	n.	toa / hạng ghế thường	Coach seats do not recline fully.	Ghế hạng thường không ngả hết.	itinerary
aisle	n.	lối đi	skip	skip	itinerary
window	n.	cửa sổ	A window table was saved for the couple.	Bàn cửa sổ được giữ cho đôi khách.	complimentary
middle	n.	ghế giữa	The middle seat is the last to sell.	Ghế giữa bán sau cùng.	itinerary
exit	n.	cửa thoát hiểm	An exit-row briefing is required.	Cần phổ biến hàng ghế cửa thoát hiểm.	itinerary
bulkhead	n.	vách	Bulkhead seats have a wall in front.	Ghế vách có tường phía trước.	itinerary
legroom	n.	chỗ để chân	Extra legroom costs 30 dollars.	Thêm chỗ để chân mất 30 đô la.	itinerary
recline	v.	ngả ghế	Please do not recline during the meal.	Vui lòng không ngả ghế lúc ăn.	itinerary
seatbelt	n.	dây an toàn	Fasten your seatbelt when the light is on.	Thắt dây an toàn khi đèn sáng.	itinerary
life	n.	áo phao	A life vest is under every seat.	Áo phao ở dưới mỗi ghế.	itinerary
oxygen	n.	oxy	Oxygen masks drop if cabin pressure falls.	Mặt nạ oxy rơi nếu áp suất cabin giảm.	itinerary
turbulence	n.	rung lắc	skip	skip	itinerary
captain	n.	cơ trưởng	The captain welcomed passengers on board.	Cơ trưởng chào hành khách lên tàu.	itinerary
crew	n.	phi hành đoàn	The crew will demonstrate safety steps.	Phi hành đoàn sẽ trình diễn bước an toàn.	itinerary
attendant	n.	tiếp viên	Ask an attendant for a blanket.	Nhờ tiếp viên lấy chăn.	itinerary
purser	n.	tiếp viên trưởng	The purser handles lost items.	Tiếp viên trưởng xử lý đồ thất lạc.	itinerary
galley	n.	bếp máy bay	Meals are heated in the galley.	Suất ăn được hâm trong bếp máy bay.	itinerary
trolley	n.	xe đẩy	The drinks trolley starts from the front.	Xe đẩy đồ uống bắt đầu từ phía trước.	itinerary
blanket	n.	chăn	A blanket is in the overhead bin.	Chăn ở ngăn hành lý trên đầu.	itinerary
pillow	n.	gối	Request a pillow if your neck is sore.	Xin gối nếu cổ bạn mỏi.	itinerary
headset	n.	tai nghe	skip	skip	conference
entertainment	n.	giải trí	Seat-back entertainment includes maps.	Giải trí sau ghế gồm bản đồ.	itinerary
wifi	n.	wifi	Wifi on this flight is free for club members.	Wifi trên chuyến này miễn phí cho hội viên.	itinerary
connectivity	n.	kết nối	In-flight connectivity may be slow over water.	Kết nối trên máy bay có thể chậm khi bay trên biển.	itinerary
]
